trait;type;level;Army Damage;Army Health;Army Healing Speed;Army Speed;Army Deploy Cost Efficiency;Infantry Unit Damage;Ranged Unit Damage;Mounted Unit Damage;Machine Unit Damage;Assault Defense;Charm Success;Kiss Success;Boink Success;Propose Success;Threaten Success;Sabotage Success;Bribe Success;Load Protection (Gem);Threaten Defense;Blackmail Success;Blackmail Defense;Bribe Defense;Guard-Capture Success;Capture Defense;Room Guarding Effectiveness;Guard-Evict Success;Defeat Recovery;Heist Success;Propose Defense;Open Gates Success;Steal Identity Success;Charm Defense;Non-stacking Conception Chance bonus;Explore Recovery;Jailbreak Success;Non-stacking bonus to Room Boosting Effectiveness;Trade Payout;Dungeon Payout;Trading Speed;Dungeon Speed;Trading Costs;Jailbreak;Non-stacking Room Boost Effectiveness bonus;Explore Recovery (Small Dungeon);Explore Recovery (Med Dungeon);Explore Recovery (Large Dungeon);Travel Speed (Dungeon);Dungeon Payout (Grass);Dungeon Payout (Sand);Dungeon Payout (Snow);Dungeon Speed (Grass);Dungeon Speed (Sand);Dungeon Speed (Snow);Non-stacking bonus to finding extra rooms via any Delve Talent;Dungeon Payout (Lava);Dungeon Speed (Lava);Load Protection (Metal);Load Protection (Mineral);Mining Rate;Load Protection;Mine Defense;Mining Rate (Gem);Mine Defense (Gem);Mining Rate (Metal);Mine Defense (Metal);Mining Rate (Mineral);Mine Defense (Mineral);Mining Rate (Bronze);Load Protection (Bronze);Mine Defense (Bronze);Mining Rate (Iron);Load Protection (Iron);Mine Defense (Iron);Mining Rate (Steel);Load Protection (Steel);Mine Defense (Steel);Mining Rate (Ruby);Load Protection (Ruby);Mine Defense (Ruby);Mining Rate (Emerald);Load Protection (Emerald);Mine Defense (Emerald);Mining Rate (Sapphire);Load Protection (Sapphire);Mine Defense (Sapphire);Mining Rate (Salt);Load Protection (Salt);Mine Defense (Salt);Mining Rate (Sulfur);Load Protection (Sulfur);Mine Defense (Sulfur);Mining Rate (Mercury);Load Protection (Mercury);Mine Defense (Mercury)
Fanatical;combat;1;5;-20;;;;;;;;;;;;;;;;;;;;;;;;;;;;;;;;;;;;;;;;;;;;;;;;;;;;;;;;;;;;;;;;;;;;;;;;;;;;;;;;;;;;;;;;;;;;
Fanatical;combat;2;10;-10;;;;;;;;;;;;;;;;;;;;;;;;;;;;;;;;;;;;;;;;;;;;;;;;;;;;;;;;;;;;;;;;;;;;;;;;;;;;;;;;;;;;;;;;;;;;
Fanatical;combat;3;10;-5;;;;;;;;;;;;;;;;;;;;;;;;;;;;;;;;;;;;;;;;;;;;;;;;;;;;;;;;;;;;;;;;;;;;;;;;;;;;;;;;;;;;;;;;;;;;
Fanatical;combat;4;20;-5;;;;;;;;;;;;;;;;;;;;;;;;;;;;;;;;;;;;;;;;;;;;;;;;;;;;;;;;;;;;;;;;;;;;;;;;;;;;;;;;;;;;;;;;;;;;
Inspiring;combat;1;5;;;;;;;;;;;;;;;;;;;;;;;;;;;;;;;;;;;;;;;;;;;;;;;;;;;;;;;;;;;;;;;;;;;;;;;;;;;;;;;;;;;;;;;;;;;;;
Inspiring;combat;2;5;5;;;;;;;;;;;;;;;;;;;;;;;;;;;;;;;;;;;;;;;;;;;;;;;;;;;;;;;;;;;;;;;;;;;;;;;;;;;;;;;;;;;;;;;;;;;;
Inspiring;combat;3;10;5;5;;;;;;;;;;;;;;;;;;;;;;;;;;;;;;;;;;;;;;;;;;;;;;;;;;;;;;;;;;;;;;;;;;;;;;;;;;;;;;;;;;;;;;;;;;;
Inspiring;combat;4;10;10;10;10;;;;;;;;;;;;;;;;;;;;;;;;;;;;;;;;;;;;;;;;;;;;;;;;;;;;;;;;;;;;;;;;;;;;;;;;;;;;;;;;;;;;;;;;;;
Staunch;combat;1;5;;;;;;;;;;;;;;;;;;;;;;;;;;;;;;;;;;;;;;;;;;;;;;;;;;;;;;;;;;;;;;;;;;;;;;;;;;;;;;;;;;;;;;;;;;;;;
Staunch;combat;2;10;;;;;;;;;;;;;;;;;;;;;;;;;;;;;;;;;;;;;;;;;;;;;;;;;;;;;;;;;;;;;;;;;;;;;;;;;;;;;;;;;;;;;;;;;;;;;
Staunch;combat;3;10;;5;;;;;;;;;;;;;;;;;;;;;;;;;;;;;;;;;;;;;;;;;;;;;;;;;;;;;;;;;;;;;;;;;;;;;;;;;;;;;;;;;;;;;;;;;;;
Staunch;combat;4;20;;10;;;;;;;;;;;;;;;;;;;;;;;;;;;;;;;;;;;;;;;;;;;;;;;;;;;;;;;;;;;;;;;;;;;;;;;;;;;;;;;;;;;;;;;;;;;
Cunning;combat;1;;;;;5;;;;;;;;;;;;;;;;;;;;;;;;;;;;;;;;;;;;;;;;;;;;;;;;;;;;;;;;;;;;;;;;;;;;;;;;;;;;;;;;;;;;;;;;;
Cunning;combat;2;;5;;;5;;;;;;;;;;;;;;;;;;;;;;;;;;;;;;;;;;;;;;;;;;;;;;;;;;;;;;;;;;;;;;;;;;;;;;;;;;;;;;;;;;;;;;;;;
Cunning;combat;3;5;10;;;10;;;;;;;;;;;;;;;;;;;;;;;;;;;;;;;;;;;;;;;;;;;;;;;;;;;;;;;;;;;;;;;;;;;;;;;;;;;;;;;;;;;;;;;;;
Cunning;combat;4;10;10;5;;10;;;;;;;;;;;;;;;;;;;;;;;;;;;;;;;;;;;;;;;;;;;;;;;;;;;;;;;;;;;;;;;;;;;;;;;;;;;;;;;;;;;;;;;;;
Wise;combat;1;;;;;5;;;;;;;;;;;;;;;;;;;;;;;;;;;;;;;;;;;;;;;;;;;;;;;;;;;;;;;;;;;;;;;;;;;;;;;;;;;;;;;;;;;;;;;;;
Wise;combat;2;;5;;;10;;;;;;;;;;;;;;;;;;;;;;;;;;;;;;;;;;;;;;;;;;;;;;;;;;;;;;;;;;;;;;;;;;;;;;;;;;;;;;;;;;;;;;;;;
Wise;combat;3;5;10;;;10;;;;;;;;;;;;;;;;;;;;;;;;;;;;;;;;;;;;;;;;;;;;;;;;;;;;;;;;;;;;;;;;;;;;;;;;;;;;;;;;;;;;;;;;;
Wise;combat;4;10;10;;5;20;;;;;;;;;;;;;;;;;;;;;;;;;;;;;;;;;;;;;;;;;;;;;;;;;;;;;;;;;;;;;;;;;;;;;;;;;;;;;;;;;;;;;;;;;
Martial;combat;1;;;;;;5;;;;;;;;;;;;;;;;;;;;;;;;;;;;;;;;;;;;;;;;;;;;;;;;;;;;;;;;;;;;;;;;;;;;;;;;;;;;;;;;;;;;;;;;
Martial;combat;2;;;;;;10;5;;;;;;;;;;;;;;;;;;;;;;;;;;;;;;;;;;;;;;;;;;;;;;;;;;;;;;;;;;;;;;;;;;;;;;;;;;;;;;;;;;;;;;;
Martial;combat;3;;;;;;10;10;5;;;;;;;;;;;;;;;;;;;;;;;;;;;;;;;;;;;;;;;;;;;;;;;;;;;;;;;;;;;;;;;;;;;;;;;;;;;;;;;;;;;;;;
Martial;combat;4;;;;;;20;10;10;5;;;;;;;;;;;;;;;;;;;;;;;;;;;;;;;;;;;;;;;;;;;;;;;;;;;;;;;;;;;;;;;;;;;;;;;;;;;;;;;;;;;;;
Tough;combat;1;;5;;;;;;;;5;;;;;;;;;;;;;;;;;;;;;;;;;;;;;;;;;;;;;;;;;;;;;;;;;;;;;;;;;;;;;;;;;;;;;;;;;;;;;;;;;;;;
Tough;combat;2;;5;;;;;;;;10;;;;;;;;;;;;;;;;;;;;;;;;;;;;;;;;;;;;;;;;;;;;;;;;;;;;;;;;;;;;;;;;;;;;;;;;;;;;;;;;;;;;
Tough;combat;3;;10;;;;;;;;10;;;;;;;;;;;;;;;;;;;;;;;;;;;;;;;;;;;;;;;;;;;;;;;;;;;;;;;;;;;;;;;;;;;;;;;;;;;;;;;;;;;;
Tough;combat;4;;20;;;;;;;;20;;;;;;;;;;;;;;;;;;;;;;;;;;;;;;;;;;;;;;;;;;;;;;;;;;;;;;;;;;;;;;;;;;;;;;;;;;;;;;;;;;;;
Chivalrous;combat;1;;;;;;;;;;;5;5;;;;;;;;;;;;;;;;;;;;;;;;;;;;;;;;;;;;;;;;;;;;;;;;;;;;;;;;;;;;;;;;;;;;;;;;;;;;;;;;;;
Chivalrous;combat;2;;;;;;;;;;;5;5;5;;;;;;;;;;;;;;;;;;;;;;;;;;;;;;;;;;;;;;;;;;;;;;;;;;;;;;;;;;;;;;;;;;;;;;;;;;;;;;;;;
Chivalrous;combat;3;;;5;;;;;;;;10;10;10;;;;;;;;;;;;;;;;;;;;;;;;;;;;;;;;;;;;;;;;;;;;;;;;;;;;;;;;;;;;;;;;;;;;;;;;;;;;;;;;;
Chivalrous;combat;4;;;10;;;;;;;;10;10;10;;;;;;;;;;;;;;;;;;;;;;;;;;;;;;;;;;;;;;;;;;;;;;;;;;;;;;;;;;;;;;;;;;;;;;;;;;;;;;;;;
Devoted;combat;1;;;;;;;;;;;;;;5;;;;;;;;;;;;;;;;;;;;;;;;;;;;;;;;;;;;;;;;;;;;;;;;;;;;;;;;;;;;;;;;;;;;;;;;;;;;;;;;
Devoted;combat;2;;;;;;;;;;;5;;;5;;;;;;;;;;;;;;;;;;;;;;;;;;;;;;;;;;;;;;;;;;;;;;;;;;;;;;;;;;;;;;;;;;;;;;;;;;;;;;;;
Devoted;combat;3;;;;;5;;;;;;5;;;10;;;;;;;;;;;;;;;;;;;;;;;;;;;;;;;;;;;;;;;;;;;;;;;;;;;;;;;;;;;;;;;;;;;;;;;;;;;;;;;;
Devoted;combat;4;;5;;;5;;;;;;10;;;20;;;;;;;;;;;;;;;;;;;;;;;;;;;;;;;;;;;;;;;;;;;;;;;;;;;;;;;;;;;;;;;;;;;;;;;;;;;;;;;;
Inbred;combat;1;10;;;;10;;;;;;-10;;;;;;;;;;;;;;;;-10;;;;;;;;;;;;;;;;;;;;;;;;;;;;;;;;;;;;;;;;;;;;;;;;;;;;;;;;;;;;;;;;;;;
Affectionate;interaction;1;;;;;;;;;;;;5;;;;;;;;;;;;;;;;;;;;;;;;;;;;;;;;;;;;;;;;;;;;;;;;;;;;;;;;;;;;;;;;;;;;;;;;;;;;;;;;;;
Affectionate;interaction;2;;;;;;;;;;;;10;;;;;;;;;;;;;;;;;;;;;;;;;;;;;;;;;;;;;;;;;;;;;;;;;;;;;;;;;;;;;;;;;;;;;;;;;;;;;;;;;;
Affectionate;interaction;3;;;;;;;;;;;;10;5;;;;;;;;;;;;;;;;;;;;;;;;;;;;;;;;;;;;;;;;;;;;;;;;;;;;;;;;;;;;;;;;;;;;;;;;;;;;;;;;;
Affectionate;interaction;4;;;;;;;;;;;;20;10;;;;;;;;;;;;;;;;;;;;;;;;;;;;;;;;;;;;;;;;;;;;;;;;;;;;;;;;;;;;;;;;;;;;;;;;;;;;;;;;;
Aggressive;interaction;1;;;;;;;;;;;;;;;5;;;;;;;;;;;;;;;;;;;;;;;;;;;;;;;;;;;;;;;;;;;;;;;;;;;;;;;;;;;;;;;;;;;;;;;;;;;;;;;
Aggressive;interaction;2;;;;;;;;;;;;;;;10;;;;;;;;;;;;;;;;;;;;;;;;;;;;;;;;;;;;;;;;;;;;;;;;;;;;;;;;;;;;;;;;;;;;;;;;;;;;;;;
Aggressive;interaction;3;;;;;;;;;;;-5;;;;10;;;;;;;;;;;;;;;;;;;;;;;;;;;;;;;;;;;;;;;;;;;;;;;;;;;;;;;;;;;;;;;;;;;;;;;;;;;;;;;
Aggressive;interaction;4;;;;;;;;;;;-10;;;;20;;;;;;;;;;;;;;;;;;;;;;;;;;;;;;;;;;;;;;;;;;;;;;;;;;;;;;;;;;;;;;;;;;;;;;;;;;;;;;;
Bashful;interaction;1;;;;;;;;;;;5;;;;-20;;;;;;;;;;;;;;;;;;;;;;;;;;;;;;;;;;;;;;;;;;;;;;;;;;;;;;;;;;;;;;;;;;;;;;;;;;;;;;;
Bashful;interaction;2;;;;;;;;;;;5;;;;-10;;;;;;;;;;;;;;;;;;;;;;;;;;;;;;;;;;;;;;;;;;;;;;;;;;;;;;;;;;;;;;;;;;;;;;;;;;;;;;;
Bashful;interaction;3;;;;;;;;;;;10;;;;-10;;;;;;;;;;;;;;;;;;;;;;;;;;;;;;;;;;;;;;;;;;;;;;;;;;;;;;;;;;;;;;;;;;;;;;;;;;;;;;;
Bashful;interaction;4;;;;;;;;;;;20;;;;-5;;;;;;;;;;;;;;;;;;;;;;;;;;;;;;;;;;;;;;;;;;;;;;;;;;;;;;;;;;;;;;;;;;;;;;;;;;;;;;;
Boorish;interaction;1;;;;;;;;;;;-20;;;;5;;;;;;;;;;;;;;;;;;;;;;;;;;;;;;;;;;;;;;;;;;;;;;;;;;;;;;;;;;;;;;;;;;;;;;;;;;;;;;;
Boorish;interaction;2;;;;;;;;;;;-10;;;;5;;;;;;;;;;;;;;;;;;;;;;;;;;;;;;;;;;;;;;;;;;;;;;;;;;;;;;;;;;;;;;;;;;;;;;;;;;;;;;;
Boorish;interaction;3;;;;;;;;;;;-10;;;;10;;;;;;;;;;;;;;;;;;;;;;;;;;;;;;;;;;;;;;;;;;;;;;;;;;;;;;;;;;;;;;;;;;;;;;;;;;;;;;;
Boorish;interaction;4;;;;;;;;;;;-5;;;;20;;;;;;;;;;;;;;;;;;;;;;;;;;;;;;;;;;;;;;;;;;;;;;;;;;;;;;;;;;;;;;;;;;;;;;;;;;;;;;;
Corrupt;interaction;1;;;;;;;;;;;-20;;;;;5;;;;;;;;;;;;;;;;;;;;;;;;;;;;;;;;;;;;;;;;;;;;;;;;;;;;;;;;;;;;;;;;;;;;;;;;;;;;;;
Corrupt;interaction;2;;;;;;;;;;;-10;;;;;10;;;;;;;;;;;;;;;;;;;;;;;;;;;;;;;;;;;;;;;;;;;;;;;;;;;;;;;;;;;;;;;;;;;;;;;;;;;;;;
Corrupt;interaction;3;;;;;;;;;;;-5;;;;;10;5;;;;;;;;;;;;;;;;;;;;;;;;;;;;;;;;;;;;;;;;;;;;;;;;;;;;;;;;;;;;;;;;;;;;;;;;;;;;;
Corrupt;interaction;4;;;;;;;;;;;-5;;;;;20;10;5;;;;;;;;;;;;;;;;;;;;;;;;;;;;;;;;;;;;;;;;;;;;;;;;;;;;;;;;;;;;;;;;;;;;;;;;;;;;
Disingenuous;interaction;1;;;;;;;;;;;-20;;;;;;5;;;;;;;;;;;;;;;;;;;;;;;;;;;;;;;;;;;;;;;;;;;;;;;;;;;;;;;;;;;;;;;;;;;;;;;;;;;;;
Disingenuous;interaction;2;;;;;;;;;;;-10;;;;;;5;;;;;;;;;;;;;;;;;;;;;;;;;;;;;;;;;;;;;;;;;;;;;;;;;;;;;;;;;;;;;;;;;;;;;;;;;;;;;
Disingenuous;interaction;3;;;;;;;;;;;-10;;;;;;10;;;;;;;;;;;;;;;;;;;;;;;;;;;;;;;;;;;;;;;;;;;;;;;;;;;;;;;;;;;;;;;;;;;;;;;;;;;;;
Disingenuous;interaction;4;;;;;;;;;;;-5;;;;;;20;;;;;;;;;;;;;;;;;;;;;;;;;;;;;;;;;;;;;;;;;;;;;;;;;;;;;;;;;;;;;;;;;;;;;;;;;;;;;
Foul Mouthed;interaction;1;;;;;;;;;;;-20;;;;5;;;;;;;;;;;;;;;;;;;;;;;;;;;;;;;;;;;;;;;;;;;;;;;;;;;;;;;;;;;;;;;;;;;;;;;;;;;;;;;
Foul Mouthed;interaction;2;;;;;;;;;;;-10;;;;5;;;;;;;;;;;;;;;;;;;;;;;;;;;;;;;;;;;;;;;;;;;;;;;;;;;;;;;;;;;;;;;;;;;;;;;;;;;;;;;
Foul Mouthed;interaction;3;;;;;;;;;;;-10;;;;10;;;;;;;;;;;;;;;;;;;;;;;;;;;;;;;;;;;;;;;;;;;;;;;;;;;;;;;;;;;;;;;;;;;;;;;;;;;;;;;
Foul Mouthed;interaction;4;;;;;;;;;;;-5;;;;20;;;;;;;;;;;;;;;;;;;;;;;;;;;;;;;;;;;;;;;;;;;;;;;;;;;;;;;;;;;;;;;;;;;;;;;;;;;;;;;
Intimidating;interaction;1;;;;;;;;;;;;;;;5;;;;5;;;;;;;;;;;;;;;;;;;;;;;;;;;;;;;;;;;;;;;;;;;;;;;;;;;;;;;;;;;;;;;;;;;;;;;;;;;
Intimidating;interaction;2;;;;;;;;;;;;;;;10;;;;5;;;;;;;;;;;;;;;;;;;;;;;;;;;;;;;;;;;;;;;;;;;;;;;;;;;;;;;;;;;;;;;;;;;;;;;;;;;
Intimidating;interaction;3;;;;;;;;;;;;;;;10;;;;10;5;5;;;;;;;;;;;;;;;;;;;;;;;;;;;;;;;;;;;;;;;;;;;;;;;;;;;;;;;;;;;;;;;;;;;;;;;;;
Intimidating;interaction;4;;;;;;;;;;;;;;;10;;;;10;10;10;;;;;;;;;;;;;;;;;;;;;;;;;;;;;;;;;;;;;;;;;;;;;;;;;;;;;;;;;;;;;;;;;;;;;;;;;
Lawful;interaction;1;;;;;;;;;;;;;;;;;;;;;5;5;;;;;;;;;;;;;;;;;;;;;;;;;;;;;;;;;;;;;;;;;;;;;;;;;;;;;;;;;;;;;;;;;;;;;;;;
Lawful;interaction;2;;;;;;;;;;;;;;;;;;;;;5;10;;;;;;;;;;;;;;;;;;;;;;;;;;;;;;;;;;;;;;;;;;;;;;;;;;;;;;;;;;;;;;;;;;;;;;;;
Lawful;interaction;3;;;;;;;;;;;;;;;;;;;;;10;10;5;;;;;;;;;;;;;;;;;;;;;;;;;;;;;;;;;;;;;;;;;;;;;;;;;;;;;;;;;;;;;;;;;;;;;;;
Lawful;interaction;4;;;;;;;;;;;;;;;;;;;;;20;20;10;5;;;;;;;;;;;;;;;;;;;;;;;;;;;;;;;;;;;;;;;;;;;;;;;;;;;;;;;;;;;;;;;;;;;;;;
Protective;interaction;1;;;;;;;;;;;;;;;;;;;;;;;;;5;;;;;;;;;;;;;;;;;;;;;;;;;;;;;;;;;;;;;;;;;;;;;;;;;;;;;;;;;;;;;;;;;;;;;
Protective;interaction;2;;;;;;;;;;;;;;;;;;;;;;;5;;10;;;;;;;;;;;;;;;;;;;;;;;;;;;;;;;;;;;;;;;;;;;;;;;;;;;;;;;;;;;;;;;;;;;;;
Protective;interaction;3;;;;;;;;;;;;;;;;;;;;;;;10;;10;10;;;;;;;;;;;;;;;;;;;;;;;;;;;;;;;;;;;;;;;;;;;;;;;;;;;;;;;;;;;;;;;;;;;;
Protective;interaction;4;;;;;;;;;;;;;;;;;;;;;;;20;;20;20;10;;;;;;;;;;;;;;;;;;;;;;;;;;;;;;;;;;;;;;;;;;;;;;;;;;;;;;;;;;;;;;;;;;;
Pugilistic;interaction;1;;;;;;;;;;;-20;;;;5;;;;;;;;;;;;;;;;;;;;;;;;;;;;;;;;;;;;;;;;;;;;;;;;;;;;;;;;;;;;;;;;;;;;;;;;;;;;;;;
Pugilistic;interaction;2;;;;;;;;;;;-10;;;;10;;;;;;;;;;;;;;;;;;;;;;;;;;;;;;;;;;;;;;;;;;;;;;;;;;;;;;;;;;;;;;;;;;;;;;;;;;;;;;;
Pugilistic;interaction;3;;;;;;;;;;;-5;;;;10;;;;;;;;;;;;;;;;;;;;;;;;;;;;;;;;;;;;;;;;;;;;;;;;;;;;;;;;;;;;;;;;;;;;;;;;;;;;;;;
Pugilistic;interaction;4;;;;;;;;;;;-5;;;;20;;;;;;;;;;;;;;;;;;;;;;;;;;;;;;;;;;;;;;;;;;;;;;;;;;;;;;;;;;;;;;;;;;;;;;;;;;;;;;;
Shady;interaction;1;;;;;;;;;;;-20;;;;;;;;;;;;;;;;;5;;;;;;;;;;;;;;;;;;;;;;;;;;;;;;;;;;;;;;;;;;;;;;;;;;;;;;;;;;;;;;;;;;
Shady;interaction;2;;;;;;;;;;;-20;;;;;;5;;;;;;;;;;;10;;;;;;;;;;;;;;;;;;;;;;;;;;;;;;;;;;;;;;;;;;;;;;;;;;;;;;;;;;;;;;;;;;
Shady;interaction;3;;;;;;;;;;;-10;;;;;;10;;;5;;;;;;;;10;;;;;;;;;;;;;;;;;;;;;;;;;;;;;;;;;;;;;;;;;;;;;;;;;;;;;;;;;;;;;;;;;;
Shady;interaction;4;;;;;;;;;;;-5;;;;;;20;;;10;;;;;;;;20;;;;;;;;;;;;;;;;;;;;;;;;;;;;;;;;;;;;;;;;;;;;;;;;;;;;;;;;;;;;;;;;;;
Sincere;interaction;1;;;;;;;;;;;5;5;;;;;;;;;;;;;;;;;;;;;;;;;;;;;;;;;;;;;;;;;;;;;;;;;;;;;;;;;;;;;;;;;;;;;;;;;;;;;;;;;;
Sincere;interaction;2;;;;;;;;;;;10;5;;;;;;;;;;;;;;;;;;;;;;;;;;;;;;;;;;;;;;;;;;;;;;;;;;;;;;;;;;;;;;;;;;;;;;;;;;;;;;;;;;
Sincere;interaction;3;;;;;;;;;;;10;10;;;;;;;;;;;;;;;;;;;;;;;;;;;;;;;;;;;;;;;;;;;;;;;;;;;;;;;;;;;;;;;;;;;;;;;;;;;;;;;;;;
Sincere;interaction;4;;;;;;;;;;;20;10;;;;;5;;;;;;;;;;;;;;;;;;;;;;;;;;;;;;;;;;;;;;;;;;;;;;;;;;;;;;;;;;;;;;;;;;;;;;;;;;;;;
Suave;interaction;1;;;;;;;;;;;5;5;;;;;;;;;;;;;;;;;;;;;;;;;;;;;;;;;;;;;;;;;;;;;;;;;;;;;;;;;;;;;;;;;;;;;;;;;;;;;;;;;;
Suave;interaction;2;;;;;;;;;;;10;10;;5;;;;;;;;;;;;;;;;;;;;;;;;;;;;;;;;;;;;;;;;;;;;;;;;;;;;;;;;;;;;;;;;;;;;;;;;;;;;;;;;
Suave;interaction;3;;;;;;;;;;;10;10;;10;;;;;;;;;;;;;;;5;;;;;;;;;;;;;;;;;;;;;;;;;;;;;;;;;;;;;;;;;;;;;;;;;;;;;;;;;;;;;;;;;
Suave;interaction;4;;;;;;;;;;;10;10;;10;;;;;;;;;;;;;;;10;;;;;;;;;;;;;;;;;;;;;;;;;;;;;;;;;;;;;;;;;;;;;;;;;;;;;;;;;;;;;;;;;
Traitorous;interaction;1;;;;;;;;;;;;;;;;;;;;;;;;;;;;10;;;;;;;;;;;;;;;;;;;;;;;;;;;;;;;;;;;;;;;;;;;;;;;;;;;;;;;;;;;;;;;;;;
Traitorous;interaction;2;;;;;;;;;;;;;;;;;;;;;;;;;;;;20;;5;;;;;;;;;;;;;;;;;;;;;;;;;;;;;;;;;;;;;;;;;;;;;;;;;;;;;;;;;;;;;;;;
Traitorous;interaction;3;;;;;;;;;;;;;;;;;;;;5;;;;;;;;20;;10;;;;;;;;;;;;;;;;;;;;;;;;;;;;;;;;;;;;;;;;;;;;;;;;;;;;;;;;;;;;;;;;
Traitorous;interaction;4;;;;;;;;;;;;;;;;;10;;;10;;;;;;;;20;;20;;;;;;;;;;;;;;;;;;;;;;;;;;;;;;;;;;;;;;;;;;;;;;;;;;;;;;;;;;;;;;;;
Underhanded;interaction;1;;;;;;;;;;;;;;;;5;;;;;;;;;;;;;;;;;;;;;;;;;;;;;;;;;;;;;;;;;;;;;;;;;;;;;;;;;;;;;;;;;;;;;;;;;;;;;;
Underhanded;interaction;2;;;;;;;;;;;;;;;;10;;;;;;;;;;;;;;;;;;;;;;;;;;;;;;;;;;;;;;;;;;;;;;;;;;;;;;;;;;;;;;;;;;;;;;;;;;;;;;
Underhanded;interaction;3;;;;;;;;;;;;;;;;20;;;;;;;;;;;;;;;5;;;;;;;;;;;;;;;;;;;;;;;;;;;;;;;;;;;;;;;;;;;;;;;;;;;;;;;;;;;;;;;
Underhanded;interaction;4;;;;;;;;;;;;;;;;20;;;;;;;;;;;;;;;10;;;;;;;;;;;;;;;;;;;;;;;;;;;;;;;;;;;;;;;;;;;;;;;;;;;;;;;;;;;;;;;
Unfriendly;interaction;1;;;;;;;;;;;-20;;;;;;;;;;;;;;;;;;;;;5;;;;;;;;;;;;;;;;;;;;;;;;;;;;;;;;;;;;;;;;;;;;;;;;;;;;;;;;;;;;;;
Unfriendly;interaction;2;;;;;;;;;;;-10;;;;;;;;;;;;;;;;;;;;;5;;;;;;;;;;;;;;;;;;;;;;;;;;;;;;;;;;;;;;;;;;;;;;;;;;;;;;;;;;;;;;
Unfriendly;interaction;3;;;;;;;;;;;-5;;;;5;;;;5;;;;;;;;;;;;;5;;;;;;;;;;;;;;;;;;;;;;;;;;;;;;;;;;;;;;;;;;;;;;;;;;;;;;;;;;;;;;
Unfriendly;interaction;4;;;;;;;;;;;-5;;;;10;;;;10;;;;;;;;;;;;;5;;;;;;;;;;;;;;;;;;;;;;;;;;;;;;;;;;;;;;;;;;;;;;;;;;;;;;;;;;;;;;
Devious;interaction;1;;;;;;;;;;;-20;;;;;5;;;;;;;;;;;;;;5;;;;;;;;;;;;;;;;;;;;;;;;;;;;;;;;;;;;;;;;;;;;;;;;;;;;;;;;;;;;;;;;
Devious;interaction;2;;;;;;;;;;;-10;;;;;10;;;;;;;;;;;;;;5;;;;;;;;;;;;;;;;;;;;;;;;;;;;;;;;;;;;;;;;;;;;;;;;;;;;;;;;;;;;;;;;
Devious;interaction;3;;;;;;;;;;;-5;;;;;20;;;;;;;;;;;;;;10;;;;;;;;;;;;;;;;;;;;;;;;;;;;;;;;;;;;;;;;;;;;;;;;;;;;;;;;;;;;;;;;
Devious;interaction;4;;;;;;;;;;;;;;;;20;;;;;;;;;;;;;;20;;;;;;;;;;;;;;;;;;;;;;;;;;;;;;;;;;;;;;;;;;;;;;;;;;;;;;;;;;;;;;;;
Alluring;interaction;1;;;;;;;;;;;5;;;;;;;;;;;;;;;;;;;;;;;;;;;;;;;;;;;;;;;;;;;;;;;;;;;;;;;;;;;;;;;;;;;;;;;;;;;;;;;;;;;
Alluring;interaction;2;;;;;;;;;;;10;;;;;;;;;;;;;;;;;;;;;;;;;;;;;;;;;;;;;;;;;;;;;;;;;;;;;;;;;;;;;;;;;;;;;;;;;;;;;;;;;;;
Alluring;interaction;3;;;;;;;;;;;10;5;;;;;;;;;;;;;;;;;;;;;;;;;;;;;;;;;;;;;;;;;;;;;;;;;;;;;;;;;;;;;;;;;;;;;;;;;;;;;;;;;;
Alluring;interaction;4;;;;;;;;;;;10;10;;;;;;;;;;;;;;;;;;;;;;;;;;;;;;;;;;;;;;;;;;;;;;;;;;;;;;;;;;;;;;;;;;;;;;;;;;;;;;;;;;
Beguiling;interaction;1;;;;;;;;;;;5;5;;;;;;;;;;;;;;;;;;;;;;;;;;;;;;;;;;;;;;;;;;;;;;;;;;;;;;;;;;;;;;;;;;;;;;;;;;;;;;;;;;
Beguiling;interaction;2;;;;;;;;;;;10;5;;;;;;;;;;;;;;;;;;;;;;;;;;;;;;;;;;;;;;;;;;;;;;;;;;;;;;;;;;;;;;;;;;;;;;;;;;;;;;;;;;
Beguiling;interaction;3;;;;;;;;;;;10;10;5;;;;;;;;;;;;;;;;;;;;;;;;;;;;;;;;;;;;;;;;;;;;;;;;;;;;;;;;;;;;;;;;;;;;;;;;;;;;;;;;;
Beguiling;interaction;4;;;;;;;;;;;10;10;10;;;;;;;;;;;;;;;;;;;;;;;;;;;;;;;;;;;;;;;;;;;;;;;;;;;;;;;;;;;;;;;;;;;;;;;;;;;;;;;;;
Enticing;interaction;1;;;;;;;;;;;5;5;5;;;;;;;;;;;;;;;;;;;;;;;;;;;;;;;;;;;;;;;;;;;;;;;;;;;;;;;;;;;;;;;;;;;;;;;;;;;;;;;;;
Enticing;interaction;2;;;;;;;;;;;10;10;5;;;;;;;;;;;;;;;;;;;;;;;;;;;;;;;;;;;;;;;;;;;;;;;;;;;;;;;;;;;;;;;;;;;;;;;;;;;;;;;;;
Enticing;interaction;3;;;;;;;;;;;20;10;10;5;;;;;;;;;;;;;;;;;;;;;;;;;;;;;;;;;;;;;;;;;;;;;;;;;;;;;;;;;;;;;;;;;;;;;;;;;;;;;;;;
Enticing;interaction;4;;;;;;;;;;;20;20;10;10;;;;;;;;;;;;;;;;;;;;;;;;;;;;;;;;;;;;;;;;;;;;;;;;;;;;;;;;;;;;;;;;;;;;;;;;;;;;;;;;
Fertile;interaction;1;;;;;;;;;;;;;5;;;;;;;;;;;;;;;;;;;;1;;;;;;;;;;;;;;;;;;;;;;;;;;;;;;;;;;;;;;;;;;;;;;;;;;;;;;;;;;;;;
Fertile;interaction;2;;;;;;;;;;;;;10;;;;;;;;;;;;;;;;;;;;1;;;;;;;;;;;;;;;;;;;;;;;;;;;;;;;;;;;;;;;;;;;;;;;;;;;;;;;;;;;;;
Fertile;interaction;3;;;;;;;;;;;5;;10;;;;;;;;;;;;;;;;;;;;1;;;;;;;;;;;;;;;;;;;;;;;;;;;;;;;;;;;;;;;;;;;;;;;;;;;;;;;;;;;;;
Fertile;interaction;4;;;;;;;;;;;10;;20;;;;;;;;;;;;;;;;;;;;1;;;;;;;;;;;;;;;;;;;;;;;;;;;;;;;;;;;;;;;;;;;;;;;;;;;;;;;;;;;;;
Hardy;interaction;1;;;;;;;;;;5;;;;;;;;;;;;;;;;;5;;;;;;;;;;;;;;;;;;;;;;;;;;;;;;;;;;;;;;;;;;;;;;;;;;;;;;;;;;;;;;;;;;;
Hardy;interaction;2;;;;;;;;;;10;;;;;;;;;;;;;;;;;5;;;;;;;;;;;;;;;;;;;;;;;;;;;;;;;;;;;;;;;;;;;;;;;;;;;;;;;;;;;;;;;;;;;
Hardy;interaction;3;;;;;;;;;;10;;;;;;;;;;;;;;;;;10;;;;;;;;;;;;;;;;;;;;;;;;;;;;;;;;;;;;;;;;;;;;;;;;;;;;;;;;;;;;;;;;;;;
Hardy;interaction;4;;;;;;;;;;20;;;;;;;;;;;;;;;;;20;;;;;;;;;;;;;;;;;;;;;;;;;;;;;;;;;;;;;;;;;;;;;;;;;;;;;;;;;;;;;;;;;;;
Vigorous;interaction;1;;;;;;;;;;;;;5;;;;;;;;;;;;;;5;;;;;;;5;;;;;;;;;;;;;;;;;;;;;;;;;;;;;;;;;;;;;;;;;;;;;;;;;;;;;;;;;;;;
Vigorous;interaction;2;;;;;;;;;;;;;5;;;;;;;;;;;;;;10;;;;;;;10;;;;;;;;;;;;;;;;;;;;;;;;;;;;;;;;;;;;;;;;;;;;;;;;;;;;;;;;;;;;
Vigorous;interaction;3;;;;;;;;;;;;;5;;;;;;;;;;;;;;10;;;;;;;20;;;;;;;;;;;;;;;;;;;;;;;;;;;;;;;;;;;;;;;;;;;;;;;;;;;;;;;;;;;;
Vigorous;interaction;4;;;;;;;;;;;;;10;;;;;;;;;;;;;;20;;;;;;;20;;;;;;;;;;;;;;;;;;;;;;;;;;;;;;;;;;;;;;;;;;;;;;;;;;;;;;;;;;;;
Well Endowed;interaction;1;;;;;;;;;;;5;5;20;;;;;;;;;;;;;;;;;;;;;;;;;;;;;;;;;;;;;;;;;;;;;;;;;;;;;;;;;;;;;;;;;;;;;;;;;;;;;;;;;
Well Endowed;interaction;2;;;;;;;;;;;10;10;20;;;;;;;;;;;;;;;;;;;;;;;;;;;;;;;;;;;;;;;;;;;;;;;;;;;;;;;;;;;;;;;;;;;;;;;;;;;;;;;;;
Well Endowed;interaction;3;;;;;;;;;;;10;20;20;;;;;;;;;;;;;;;;;;;;;;;;;;;;;;;;;;;;;;;;;;;;;;;;;;;;;;;;;;;;;;;;;;;;;;;;;;;;;;;;;
Well Endowed;interaction;4;;;;;;;;;;;20;20;20;;;;;;;;;;;;;;;;;;;;;;;;;;;;;;;;;;;;;;;;;;;;;;;;;;;;;;;;;;;;;;;;;;;;;;;;;;;;;;;;;
Bright;interaction;1;;;;;;;;;;;;;;;;;;;;;;;;;;;;5;;;;;;;5;1;;;;;;;;;;;;;;;;;;;;;;;;;;;;;;;;;;;;;;;;;;;;;;;;;;;;;;;;;;
Bright;interaction;2;;;;;;;;;;;;;;;;;;;;;;;;;;;;10;;;;;;;5;1;;;;;;;;;;;;;;;;;;;;;;;;;;;;;;;;;;;;;;;;;;;;;;;;;;;;;;;;;;
Bright;interaction;3;;;;;;;;;;;;;;;;;;;;;;;;;;;;10;;;;;;;10;1;;;;;;;;;;;;;;;;;;;;;;;;;;;;;;;;;;;;;;;;;;;;;;;;;;;;;;;;;;
Bright;interaction;4;;;;;;;;;;;;;;;;;;;;;;;;;;;;20;;;;;;;20;1;;;;;;;;;;;;;;;;;;;;;;;;;;;;;;;;;;;;;;;;;;;;;;;;;;;;;;;;;;
Chivalrous;interaction;1;;;;;;;;;;;5;5;;;;;;;;;;;;;;;;;;;;;;;;;;;;;;;;;;;;;;;;;;;;;;;;;;;;;;;;;;;;;;;;;;;;;;;;;;;;;;;;;;
Chivalrous;interaction;2;;;;;;;;;;;5;5;5;;;;;;;;;;;;;;;;;;;;;;;;;;;;;;;;;;;;;;;;;;;;;;;;;;;;;;;;;;;;;;;;;;;;;;;;;;;;;;;;;
Chivalrous;interaction;3;;;5;;;;;;;;10;10;10;;;;;;;;;;;;;;;;;;;;;;;;;;;;;;;;;;;;;;;;;;;;;;;;;;;;;;;;;;;;;;;;;;;;;;;;;;;;;;;;;
Chivalrous;interaction;4;;;10;;;;;;;;10;10;10;;;;;;;;;;;;;;;;;;;;;;;;;;;;;;;;;;;;;;;;;;;;;;;;;;;;;;;;;;;;;;;;;;;;;;;;;;;;;;;;;
Tough;interaction;1;;5;;;;;;;;5;;;;;;;;;;;;;;;;;;;;;;;;;;;;;;;;;;;;;;;;;;;;;;;;;;;;;;;;;;;;;;;;;;;;;;;;;;;;;;;;;;;;
Tough;interaction;2;;5;;;;;;;;10;;;;;;;;;;;;;;;;;;;;;;;;;;;;;;;;;;;;;;;;;;;;;;;;;;;;;;;;;;;;;;;;;;;;;;;;;;;;;;;;;;;;
Tough;interaction;3;;10;;;;;;;;10;;;;;;;;;;;;;;;;;;;;;;;;;;;;;;;;;;;;;;;;;;;;;;;;;;;;;;;;;;;;;;;;;;;;;;;;;;;;;;;;;;;;
Tough;interaction;4;;20;;;;;;;;20;;;;;;;;;;;;;;;;;;;;;;;;;;;;;;;;;;;;;;;;;;;;;;;;;;;;;;;;;;;;;;;;;;;;;;;;;;;;;;;;;;;;
Devoted;interaction;1;;;;;;;;;;;;;;5;;;;;;;;;;;;;;;;;;;;;;;;;;;;;;;;;;;;;;;;;;;;;;;;;;;;;;;;;;;;;;;;;;;;;;;;;;;;;;;;
Devoted;interaction;2;;;;;;;;;;;5;;;5;;;;;;;;;;;;;;;;;;;;;;;;;;;;;;;;;;;;;;;;;;;;;;;;;;;;;;;;;;;;;;;;;;;;;;;;;;;;;;;;
Devoted;interaction;3;;;;;5;;;;;;5;;;10;;;;;;;;;;;;;;;;;;;;;;;;;;;;;;;;;;;;;;;;;;;;;;;;;;;;;;;;;;;;;;;;;;;;;;;;;;;;;;;;
Devoted;interaction;4;;5;;;5;;;;;;10;;;20;;;;;;;;;;;;;;;;;;;;;;;;;;;;;;;;;;;;;;;;;;;;;;;;;;;;;;;;;;;;;;;;;;;;;;;;;;;;;;;;
Astute;trading;1;;;;;;;;;;;;;;;;;;;;;;;;;;;;;;;;;;;;;5;5;;;;;;;;;;;;;;;;;;;;;;;;;;;;;;;;;;;;;;;;;;;;;;;;;;;;;;;;
Astute;trading;2;;;;;;;;;;;;;;;;;;;;;;;;;;;;;;;;;;;;;10;5;;;;;;;;;;;;;;;;;;;;;;;;;;;;;;;;;;;;;;;;;;;;;;;;;;;;;;;;
Astute;trading;3;;;;;;;;;;;;;;;;;;;;;;;;;;;;;;;;;;;;;10;10;5;5;;;;;;;;;;;;;;;;;;;;;;;;;;;;;;;;;;;;;;;;;;;;;;;;;;;;;;
Astute;trading;4;;;;;;;;;;;;;;;;;;;;;;;;;;;;;;;;;;;;;10;10;10;10;;;;;;;;;;;;;;;;;;;;;;;;;;;;;;;;;;;;;;;;;;;;;;;;;;;;;;
Charismatic;trading;1;;;;;;;;;;;5;;;;;;;;;;;;;;;;;;;;;;;;;;;;;;;;;;;;;;;;;;;;;;;;;;;;;;;;;;;;;;;;;;;;;;;;;;;;;;;;;;;
Charismatic;trading;2;;;;;;;;;;;5;;;;;;;;;;;;;;;;;;;;;;;;;;;;;;5;;;;;;;;;;;;;;;;;;;;;;;;;;;;;;;;;;;;;;;;;;;;;;;;;;;;;
Charismatic;trading;3;;;;;;;;;;;10;;;;;;;;;;;;;;;;;;;;;;;;;;;;;;5;;;;;;;;;;;;;;;;;;;;;;;;;;;;;;;;;;;;;;;;;;;;;;;;;;;;;
Charismatic;trading;4;;;;;;;;;;;10;;;;;;;;;;;;;;;;;;;;;;;;;;;;;;10;;;;;;;;;;;;;;;;;;;;;;;;;;;;;;;;;;;;;;;;;;;;;;;;;;;;;
Engaging;trading;1;;;;;;;;;;;5;;;;;;;;;;;;;;;;;;;;;;;;;;;;;;;;;;;;;;;;;;;;;;;;;;;;;;;;;;;;;;;;;;;;;;;;;;;;;;;;;;;
Engaging;trading;2;;;;;;;;;;;10;;;;;;;;;;;;;;;;;;;;;;;;;;;;;;;;;;;;;;;;;;;;;;;;;;;;;;;;;;;;;;;;;;;;;;;;;;;;;;;;;;;
Engaging;trading;3;;;;;;;;;;;10;;;;;;;;;;;;;;;;;;;;;;;;;;;;;;5;;;;;;;;;;;;;;;;;;;;;;;;;;;;;;;;;;;;;;;;;;;;;;;;;;;;;
Engaging;trading;4;;;;;;;;;;;10;;;;;;;;;;;;;;;;;;;;;;;;;;;;;;10;;;;;;;;;;;;;;;;;;;;;;;;;;;;;;;;;;;;;;;;;;;;;;;;;;;;;
Engrossing;trading;1;;;;;;;;;;;5;;;;;;;;;;;;;;;;;;;;;;;;;;;;;;5;;;;;;;;;;;;;;;;;;;;;;;;;;;;;;;;;;;;;;;;;;;;;;;;;;;;;
Engrossing;trading;2;;;;;;;;;;;10;;;;;;;;;;;;;;;;;;;;;;;;;;;;;;5;;;;;;;;;;;;;;;;;;;;;;;;;;;;;;;;;;;;;;;;;;;;;;;;;;;;;
Engrossing;trading;3;;;;;;;;;;;20;;;;;;;;;;;;;;;;;;;;5;;;;;;;;;;10;;;;;;;;;;;;;;;;;;;;;;;;;;;;;;;;;;;;;;;;;;;;;;;;;;;;;
Engrossing;trading;4;;;;;;;;;;;20;;;;;;;;;;;;;;;;;;;;10;;;;;;;;;;10;;;;;;;;;;;;;;;;;;;;;;;;;;;;;;;;;;;;;;;;;;;;;;;;;;;;;
Likeable;trading;1;;;;;;;;;;;5;;;;;;;;;;;;;;;;;;;;;;;;;;;;;;;;;;;;;;;;;;;;;;;;;;;;;;;;;;;;;;;;;;;;;;;;;;;;;;;;;;;
Likeable;trading;2;;;;;;;;;;;5;;;;;;;;;;;;;;;;;;;;;;;;;;;;;;5;;;;;;;;;;;;;;;;;;;;;;;;;;;;;;;;;;;;;;;;;;;;;;;;;;;;;
Likeable;trading;3;;;;;;;;;;;10;;;;;;;;;;;;;;;;;;;;;;;;;;5;;;;5;;;;;;;;;;;;;;;;;;;;;;;;;;;;;;;;;;;;;;;;;;;;;;;;;;;;;
Likeable;trading;4;;;;;;;;;;;20;;20;;;;;;;;;;;;;;;;;;;;;;;;10;;;;10;;;;;;;;;;;;;;;;;;;;;;;;;;;;;;;;;;;;;;;;;;;;;;;;;;;;;
Persuasive;trading;1;;;;;;;;;;;10;;;;;;;;;;;;;;;;;;;;;;;;;;;;;;;;;;;;;;;;;;;;;;;;;;;;;;;;;;;;;;;;;;;;;;;;;;;;;;;;;;;
Persuasive;trading;2;;;;;;;;;;;10;;;;;;;;;;;;;;;;;;;;;;;;;;;;;;5;;;;;;;;;;;;;;;;;;;;;;;;;;;;;;;;;;;;;;;;;;;;;;;;;;;;;
Persuasive;trading;3;;;;;;;;;;;20;;;;;;;;;;;;;;;;;;;;;;;;;;5;;;;10;;;;;;;;;;;;;;;;;;;;;;;;;;;;;;;;;;;;;;;;;;;;;;;;;;;;;
Persuasive;trading;4;;;;;;;;;;;20;;;;;;10;;;;;;;;;;;;;;;;;;;;10;;;;20;;;;;;;;;;;;;;;;;;;;;;;;;;;;;;;;;;;;;;;;;;;;;;;;;;;;;
Shrewd;trading;1;;;;;;;;;;;;;;;;;;;;;;;;;;;;;;;;;;;;;5;;;;5;;;;;;;;;;;;;;;;;;;;;;;;;;;;;;;;;;;;;;;;;;;;;;;;;;;;;
Shrewd;trading;2;;;;;;;;;;;;;;;;;;;;;;;;;;;;;;;;;;;;;5;;;;10;;;;;;;;;;;;;;;;;;;;;;;;;;;;;;;;;;;;;;;;;;;;;;;;;;;;;
Shrewd;trading;3;;;;;;;;;;;;;;;;;;;;;;;;;;;;;;;;;;;;;10;;;;10;;;;;;;;;;;;;;;;;;;;;;;;;;;;;;;;;;;;;;;;;;;;;;;;;;;;;
Shrewd;trading;4;;;;;;;;;;;;;;;;;;;;;;;;;;;;;;;;;;;;;20;;;;20;;;;;;;;;;;;;;;;;;;;;;;;;;;;;;;;;;;;;;;;;;;;;;;;;;;;;
Silver-tongued;trading;1;;;;;;;;;;;10;;;;;;;;;;;;;;;;;;;;;;;;;;;;5;;;;;;;;;;;;;;;;;;;;;;;;;;;;;;;;;;;;;;;;;;;;;;;;;;;;;;;
Silver-tongued;trading;2;;;;;;;;;;;10;;;;;;;;;;;;;;;;;;;;;;;;;;;;10;;;;;;;;;;;;;;;;;;;;;;;;;;;;;;;;;;;;;;;;;;;;;;;;;;;;;;;
Silver-tongued;trading;3;;;;;;;;;;;20;;;;;;;;;;;;;;;;;;;;;;;;;;;;10;;;;;;;;;;;;;;;;;;;;;;;;;;;;;;;;;;;;;;;;;;;;;;;;;;;;;;;
Silver-tongued;trading;4;;;;;;;;;;;20;;;;;;;;;;;;;;;;;;;;;;;;;;;;20;;;;;;;;;;;;;;;;;;;;;;;;;;;;;;;;;;;;;;;;;;;;;;;;;;;;;;;
Brilliant;trading;1;;;;;;;;;;;;;;;;;;;;;;;;;;;;5;;;;;;;;;;;;;5;5;1;;;;;;;;;;;;;;;;;;;;;;;;;;;;;;;;;;;;;;;;;;;;;;;;;;;
Brilliant;trading;2;;;;;;;;;;;;;;;;;;;;;;;;;;;;10;;;;;;;;;5;;;;5;10;1;;;;;;;;;;;;;;;;;;;;;;;;;;;;;;;;;;;;;;;;;;;;;;;;;;;
Brilliant;trading;3;;;;;;;;;;;;;;;;;;;;;;;;;;;;20;;;;;;;;;10;;;;10;10;1;;;;;;;;;;;;;;;;;;;;;;;;;;;;;;;;;;;;;;;;;;;;;;;;;;;
Brilliant;trading;4;;;;;;;;;;;;;;;;;;;;;;;;;;;;20;;;;;;;;;20;;;;20;20;1;;;;;;;;;;;;;;;;;;;;;;;;;;;;;;;;;;;;;;;;;;;;;;;;;;;
Astute;exploration;1;;;;;;;;;;;;;;;;;;;;;;;;;;;;;;;;;;;;;5;5;;;;;;;;;;;;;;;;;;;;;;;;;;;;;;;;;;;;;;;;;;;;;;;;;;;;;;;;
Astute;exploration;2;;;;;;;;;;;;;;;;;;;;;;;;;;;;;;;;;;;;;10;5;;;;;;;;;;;;;;;;;;;;;;;;;;;;;;;;;;;;;;;;;;;;;;;;;;;;;;;;
Astute;exploration;3;;;;;;;;;;;;;;;;;;;;;;;;;;;;;;;;;;;;;10;10;5;5;;;;;;;;;;;;;;;;;;;;;;;;;;;;;;;;;;;;;;;;;;;;;;;;;;;;;;
Astute;exploration;4;;;;;;;;;;;;;;;;;;;;;;;;;;;;;;;;;;;;;10;10;10;10;;;;;;;;;;;;;;;;;;;;;;;;;;;;;;;;;;;;;;;;;;;;;;;;;;;;;;
Intrepid;exploration;1;;;;;;;;;;;;;;;;;;;;;;;;;;;;;;;;;;;;;;;;;;;;5;5;;;;;;;;;;;;;;;;;;;;;;;;;;;;;;;;;;;;;;;;;;;;;;;;;
Intrepid;exploration;2;;;;;;;;;;;;;;;;;;;;;;;;;;;;;;;;;;;;;;;;;;;;10;5;5;;;;;;;;;;;;;;;;;;;;;;;;;;;;;;;;;;;;;;;;;;;;;;;;
Intrepid;exploration;3;;;;;;;;;;;;;;;;;;;;;;;;;;;;;;;;;;;;;;;;;;;;10;10;10;;;;;;;;;;;;;;;;;;;;;;;;;;;;;;;;;;;;;;;;;;;;;;;;
Intrepid;exploration;4;;;;;;;;;;;;;;;;;;;;;;;;;;;;;;;;;;;;;;;;;;;;20;20;20;20;;;;;;;;;;;;;;;;;;;;;;;;;;;;;;;;;;;;;;;;;;;;;;;
Observant;exploration;1;;;;;;;;;;;;;;;;;;;;;;;;;;;;;;;;;;;;;;;;;;;;;;;;10;;;;;;;;;;;;;;;;;;;;;;;;;;;;;;;;;;;;;;;;;;;;;;
Observant;exploration;2;;;;;;;;;;;;;;;;;;;;;;;;;;;;;;;;;;;;;;;;;;;;;;;;10;10;;;;;;;;;;;;;;;;;;;;;;;;;;;;;;;;;;;;;;;;;;;;;
Observant;exploration;3;;;;;;;;;;;;;;;;;;;;;;;;;;;;;;;;;;;;;;;;;;;;;;;;10;10;10;;;;;;;;;;;;;;;;;;;;;;;;;;;;;;;;;;;;;;;;;;;;
Observant;exploration;4;;;;;;;;;;;;;;;;;;;;;;;;;;;;;;;;;;;;;;20;;;;;;;;;;;;;;;;;;;;;;;;;;;;;;;;;;;;;;;;;;;;;;;;;;;;;;;;
Worldly;exploration;1;;;;;;;;;;;;;;;;;;;;;;5;;;;;;;;;;;;;;;;;;;;;;;;;;;;;5;;;;;;;;;;;;;;;;;;;;;;;;;;;;;;;;;;;;;;;;;;;
Worldly;exploration;2;;;;;;;;;;;;;;;;;;;;;;5;;;;;;;;;;;;;;;;;;;;;;;;;;;;;5;5;;;;;;;;;;;;;;;;;;;;;;;;;;;;;;;;;;;;;;;;;;
Worldly;exploration;3;;;;;;;;;;;;;;;;;;;;;;10;;;;;;;;;;;;;;;;;;;;;;;;;;;;;10;10;5;;;;;;;;;;;;;;;;;;;;;;;;;;;;;;;;;;;;;;;;;
Worldly;exploration;4;;;;;;;;;;;;;;;;;;;;;;20;;;;;;;;;;;;;;;;;;20;;;;;;;;;;;;;;;;;;;;;;;;;;;;;;;;;;;;;;;;;;;;;;;;;;;;;;
Perceptive;exploration;1;;;;;;;;;;;;;;;;;;;;;;;;;;;;;;;;;;;;;;5;;-20;;;;;;;;;;;;;;1;;;;;;;;;;;;;;;;;;;;;;;;;;;;;;;;;;;;;;;;
Perceptive;exploration;2;;;;;;;;;;;;;;;;;;;;;;;;;;;;;;;;;;;;;;5;;-10;;;;;;;;;;;;;;1;;;;;;;;;;;;;;;;;;;;;;;;;;;;;;;;;;;;;;;;
Perceptive;exploration;3;;;;;;;;;;;;;;;;;;;;;;;;;;;;;;;;;;;;;;10;;-5;;;;;;;;;;;;;;1;;;;;;;;;;;;;;;;;;;;;;;;;;;;;;;;;;;;;;;;
Perceptive;exploration;4;;;;;;;;;;;;;;;;;;;;;;;;;;;;;;;;;;;;;;20;;;;;;;;;;;;;;;;1;;;;;;;;;;;;;;;;;;;;;;;;;;;;;;;;;;;;;;;;
Thrillseeking;exploration;1;;;;;;;;;;;;;;;;;;;;;;;;;;;;;;;;;;5;;;;-20;;;;;;;;;5;;;;;;;;;;;;;;;;;;;;;;;;;;;;;;;;;;;;;;;;;;;;;;;
Thrillseeking;exploration;2;;;;;;;;;;;;;;;;;;;;;;;;;;;;;;;;;;5;;;;-10;;;;;;;;;10;;;;;;;;;;;;;;;;;;;;;;;;;;;;;;;;;;;;;;;;;;;;;;;
Thrillseeking;exploration;3;;;;;;;;;;;;;;;;;;;;;;;;;;;;;;;;;;10;;;;-5;;;;;;;;;10;;;;;;;;;;;;;;;;;;;;;;;;;;;;;;;;;;;;;;;;;;;;;;;
Thrillseeking;exploration;4;;;;;;;;;;;;;;;;;;;;;;;;;;;;;;;;;;20;;;;;;;;;;;;;20;;;;;;;;;;;;;;;;;;;;;;;;;;;;;;;;;;;;;;;;;;;;;;;
Discerning (Grass);exploration;1;;;;;;;;;;;;;;;;;;;;;;;;;;;;;;;;;;;;;;;;;;;;;;;;5;-20;;5;-20;;;;;;;;;;;;;;;;;;;;;;;;;;;;;;;;;;;;;;;;;;
Discerning (Grass);exploration;2;;;;;;;;;;;;;;;;;;;;;;;;;;;;;;;;;;;;;;;;;;;;;;;;10;-10;;5;-10;;;;;;;;;;;;;;;;;;;;;;;;;;;;;;;;;;;;;;;;;;
Discerning (Grass);exploration;3;;;;;;;;;;;;;;;;;;;;;;;;;;;;;;;;;;;;;;;;;;;;;;;;10;-5;;10;-5;;;;;;;;;;;;;;;;;;;;;;;;;;;;;;;;;;;;;;;;;;
Discerning (Grass);exploration;4;;;;;;;;;;;;;;;;;;;;;;;;;;;;;;;;;;;;;;;;;;;;;;;;20;;;20;;;;;;;;;;;;;;;;;;;;;;;;;;;;;;;;;;;;;;;;;;;
Discerning (Sand);exploration;1;;;;;;;;;;;;;;;;;;;;;;;;;;;;;;;;;;;;;;;;;;;;;;;;;5;-20;;5;-20;;;;;;;;;;;;;;;;;;;;;;;;;;;;;;;;;;;;;;;;;
Discerning (Sand);exploration;2;;;;;;;;;;;;;;;;;;;;;;;;;;;;;;;;;;;;;;;;;;;;;;;;;10;-10;;5;-10;;;;;;;;;;;;;;;;;;;;;;;;;;;;;;;;;;;;;;;;;
Discerning (Sand);exploration;3;;;;;;;;;;;;;;;;;;;;;;;;;;;;;;;;;;;;;;;;;;;;;;;;;10;-5;;10;-5;;;;;;;;;;;;;;;;;;;;;;;;;;;;;;;;;;;;;;;;;
Discerning (Sand);exploration;4;;;;;;;;;;;;;;;;;;;;;;;;;;;;;;;;;;;;;;;;;;;;;;;;;20;;;20;;;;;;;;;;;;;;;;;;;;;;;;;;;;;;;;;;;;;;;;;;
Discerning (Snow);exploration;1;;;;;;;;;;;;;;;;;;;;;;;;;;;;;;;;;;;;;;;;;;;;;;;;;;5;;;5;;-20;-20;;;;;;;;;;;;;;;;;;;;;;;;;;;;;;;;;;;;;;
Discerning (Snow);exploration;2;;;;;;;;;;;;;;;;;;;;;;;;;;;;;;;;;;;;;;;;;;;;;;;;;;10;;;5;;-10;-10;;;;;;;;;;;;;;;;;;;;;;;;;;;;;;;;;;;;;;
Discerning (Snow);exploration;3;;;;;;;;;;;;;;;;;;;;;;;;;;;;;;;;;;;;;;;;;;;;;;;;;;10;;;10;;-5;-5;;;;;;;;;;;;;;;;;;;;;;;;;;;;;;;;;;;;;;
Discerning (Snow);exploration;4;;;;;;;;;;;;;;;;;;;;;;;;;;;;;;;;;;;;;;;;;;;;;;;;;;20;;;20;;;;;;;;;;;;;;;;;;;;;;;;;;;;;;;;;;;;;;;;;
Discerning (Lava);exploration;1;;;;;;;;;;;;;;;;;;;;;;;;;;;;;;;;;;;;;;;;;;;;;;;;-20;;;-20;;;;5;5;;;;;;;;;;;;;;;;;;;;;;;;;;;;;;;;;;;;;;
Discerning (Lava);exploration;2;;;;;;;;;;;;;;;;;;;;;;;;;;;;;;;;;;;;;;;;;;;;;;;;-10;;;-10;;;;10;5;;;;;;;;;;;;;;;;;;;;;;;;;;;;;;;;;;;;;;
Discerning (Lava);exploration;3;;;;;;;;;;;;;;;;;;;;;;;;;;;;;;;;;;;;;;;;;;;;;;;;-5;;;-5;;;;10;10;;;;;;;;;;;;;;;;;;;;;;;;;;;;;;;;;;;;;;
Discerning (Lava);exploration;4;;;;;;;;;;;;;;;;;;;;;;;;;;;;;;;;;;;;;;;;;;;;;;;;;;;;;;;20;20;;;;;;;;;;;;;;;;;;;;;;;;;;;;;;;;;;;;;;
Vigorous;exploration;1;;;;;;;;;;;;;5;;;;;;;;;;;;;;5;;;;;;;5;;;;;;;;;;;;;;;;;;;;;;;;;;;;;;;;;;;;;;;;;;;;;;;;;;;;;;;;;;;;
Vigorous;exploration;2;;;;;;;;;;;;;5;;;;;;;;;;;;;;10;;;;;;;10;;;;;;;;;;;;;;;;;;;;;;;;;;;;;;;;;;;;;;;;;;;;;;;;;;;;;;;;;;;;
Vigorous;exploration;3;;;;;;;;;;;;;5;;;;;;;;;;;;;;10;;;;;;;20;;;;;;;;;;;;;;;;;;;;;;;;;;;;;;;;;;;;;;;;;;;;;;;;;;;;;;;;;;;;
Vigorous;exploration;4;;;;;;;;;;;;;10;;;;;;;;;;;;;;20;;;;;;;20;;;;;;;;;;;;;;;;;;;;;;;;;;;;;;;;;;;;;;;;;;;;;;;;;;;;;;;;;;;;
Lightfooted;exploration;1;;;;;;;;;;;;;;;;;;;;;;;;;;;;;;;;;;;;;;;;;;;;;;;5;;;;;;;;;;;;;;;;;;;;;;;;;;;;;;;;;;;;;;;;;;;;;;;
Lightfooted;exploration;2;;;;;;;;;;;;;;;;;;;;;;;;;;;;;;;;;;;;;;;;5;;;;;;;5;;;;;;;;;;;;;;;;;;;;;;;;;;;;;;;;;;;;;;;;;;;;;;;
Lightfooted;exploration;3;;;;;;;;;;;;;;;;;;;;;;;;;;;;;;;;;;;;;;;;10;;;;;;;10;;;;;;;;;;;;;;;;;;;;;;;;;;;;;;;;;;;;;;;;;;;;;;;
Lightfooted;exploration;4;;;;;;;;;;;;;;;;;;;;;;;;;;;;;;;;;;;;;;;;20;;;;;;;20;;;;;;;;;;;;;;;;;;;;;;;;;;;;;;;;;;;;;;;;;;;;;;;
Greedy;mining;1;;;;;;;;;;;;;;;;;;;;;;;;;;;;5;;;;;;;;;;;;;;;;;;;;;;;;;;;;;;;;;;;;;;;;;;;;;;;;;;;;;;;;;;;;;;;;;;
Greedy;mining;2;;;;;;;;;;;;;;;;;;;;;;;;;;;;5;;;;;;;;;;;;;;;;;;;;;;;;;;;;;5;;;;;;;;;;;;;;;;;;;;;;;;;;;;;;;;;;;;;
Greedy;mining;3;;;;;;;;;;;;;;;;;;5;;;;;;;;;;10;;;;;;;;;;;;;;;;;;;;;;;;;;;;;10;;;;;;;;;;;;;;;;;;;;;;;;;;;;;;;;;;;;;
Greedy;mining;4;;;;;;;;;;;;;;;;;;10;;;;;;;;;;20;;;;;;;;;;;;;;;;;;;;;;;;;;;;;10;10;;;;;;;;;;;;;;;;;;;;;;;;;;;;;;;;;;;;
Exacting;mining;1;;;;;;;;;;;;;;;;;;;;;;;;;;;;;;;;;;;;;;;;;;;;;;;;;;;;;;;;;;;5;;;;;;;;;;;;;;;;;;;;;;;;;;;;;;;;;;;
Exacting;mining;2;;;;;;;;;;;;;;;;;;;;;;;;;;;;;;;;;;;;;;;;;;;;;;;;;;;;;;;;;;;5;5;;;;;;;;;;;;;;;;;;;;;;;;;;;;;;;;;;
Exacting;mining;3;;;;;;;;;;;;;;;;;;;;;;;;;;;;;;;;;;;;;;;;;;;;;;;;;;;;;;;;;;;10;5;;;;;;;;;;;;;;;;;;;;;;;;;;;;;;;;;;
Exacting;mining;4;;;;;;;;;;;;;;;;;;;;;;;;;;;;;;;;;;;;;;;;;;;;;;;;;;;;;;;;;;;10;10;5;;;;;;;;;;;;;;;;;;;;;;;;;;;;;;;;;
Meticulous (Gem);mining;1;;;;;;;;;;;;;;;;;;;;;;;;;;;;;;;;;;;;;;;;;;;;;;;;;;;;;;;;;;;;;;5;;;;;;;;;;;;;;;;;;;;;;;;;;;;;;;;
Meticulous (Gem);mining;2;;;;;;;;;;;;;;;;;;;;;;;;;;;;;;;;;;;;;;;;;;;;;;;;;;;;;;;;;;;;;;10;;;;;;;;;;;;;;;;;;;;;;;;;;;;;;;;
Meticulous (Gem);mining;3;;;;;;;;;;;;;;;;;;5;;;;;;;;;;;;;;;;;;;;;;;;;;;;;;;;;;;;;;;;;;;;10;;;;;;;;;;;;;;;;;;;;;;;;;;;;;;;;
Meticulous (Gem);mining;4;;;;;;;;;;;;;;;;;;10;;;;;;;;;;;;;;;;;;;;;;;;;;;;;;;;;;;;;;;;;;;;10;10;;;;;;;;;;;;;;;;;;;;;;;;;;;;;;;
Meticulous (Metal);mining;1;;;;;;;;;;;;;;;;;;;;;;;;;;;;;;;;;;;;;;;;;;;;;;;;;;;;;;;;;;;;;;;;5;;;;;;;;;;;;;;;;;;;;;;;;;;;;;;
Meticulous (Metal);mining;2;;;;;;;;;;;;;;;;;;;;;;;;;;;;;;;;;;;;;;;;;;;;;;;;;;;;;;;;;;;;;;;;10;;;;;;;;;;;;;;;;;;;;;;;;;;;;;;
Meticulous (Metal);mining;3;;;;;;;;;;;;;;;;;;;;;;;;;;;;;;;;;;;;;;;;;;;;;;;;;;;;;;;;;5;;;;;;;10;;;;;;;;;;;;;;;;;;;;;;;;;;;;;;
Meticulous (Metal);mining;4;;;;;;;;;;;;;;;;;;;;;;;;;;;;;;;;;;;;;;;;;;;;;;;;;;;;;;;;;10;;;;;;;10;10;;;;;;;;;;;;;;;;;;;;;;;;;;;;;
Meticulous (Mineral);mining;1;;;;;;;;;;;;;;;;;;;;;;;;;;;;;;;;;;;;;;;;;;;;;;;;;;;;;;;;;;;;;;;;;;5;;;;;;;;;;;;;;;;;;;;;;;;;;;;
Meticulous (Mineral);mining;2;;;;;;;;;;;;;;;;;;;;;;;;;;;;;;;;;;;;;;;;;;;;;;;;;;;;;;;;;;;;;;;;;;10;;;;;;;;;;;;;;;;;;;;;;;;;;;;
Meticulous (Mineral);mining;3;;;;;;;;;;;;;;;;;;;;;;;;;;;;;;;;;;;;;;;;;;;;;;;;;;;;;;;;;;5;;;;;;;;10;;;;;;;;;;;;;;;;;;;;;;;;;;;;
Meticulous (Mineral);mining;4;;;;;;;;;;;;;;;;;;;;;;;;;;;;;;;;;;;;;;;;;;;;;;;;;;;;;;;;;;10;;;;;;;;10;10;;;;;;;;;;;;;;;;;;;;;;;;;;;
Fixated (Bronze);mining;1;;;;;;;;;;;;;;;;;;;;;;;;;;;;;;;;;;;;;;;;;;;;;;;;;;;;;;;;;;;;;;;;;;;;5;;;;;;;;;;;;;;;;;;;;;;;;;;
Fixated (Bronze);mining;2;;;;;;;;;;;;;;;;;;;;;;;;;;;;;;;;;;;;;;;;;;;;;;;;;;;;;;;;;;;;;;;;;;;;10;5;;;;;;;;;;;;;;;;;;;;;;;;;
Fixated (Bronze);mining;3;;;;;;;;;;;;;;;;;;;;;;;;;;;;;;;;;;;;;;;;;;;;;;;;;;;;;;;;;;;;;;;;;;;;10;10;10;;;;;;;;;;;;;;;;;;;;;;;;
Fixated (Bronze);mining;4;;;;;;;;;;;;;;;;;;;;;;;;;;;;;;;;;;;;;;;;;;;;;;;;;;;;;;;;;;;;;;;;;;;;20;20;20;;;;;;;;;;;;;;;;;;;;;;;;
Fixated (Iron);mining;1;;;;;;;;;;;;;;;;;;;;;;;;;;;;;;;;;;;;;;;;;;;;;;;;;;;;;;;;;;;;;;;;;;;;;;;5;;;;;;;;;;;;;;;;;;;;;;;
Fixated (Iron);mining;2;;;;;;;;;;;;;;;;;;;;;;;;;;;;;;;;;;;;;;;;;;;;;;;;;;;;;;;;;;;;;;;;;;;;;;;10;5;;;;;;;;;;;;;;;;;;;;;;
Fixated (Iron);mining;3;;;;;;;;;;;;;;;;;;;;;;;;;;;;;;;;;;;;;;;;;;;;;;;;;;;;;;;;;;;;;;;;;;;;;;;10;10;10;;;;;;;;;;;;;;;;;;;;;
Fixated (Iron);mining;4;;;;;;;;;;;;;;;;;;;;;;;;;;;;;;;;;;;;;;;;;;;;;;;;;;;;;;;;;;;;;;;;;;;;;;;20;20;20;;;;;;;;;;;;;;;;;;;;;
Fixated (Steel);mining;1;;;;;;;;;;;;;;;;;;;;;;;;;;;;;;;;;;;;;;;;;;;;;;;;;;;;;;;;;;;;;;;;;;;;;;;;;;5;;;;;;;;;;;;;;;;;;;;
Fixated (Steel);mining;2;;;;;;;;;;;;;;;;;;;;;;;;;;;;;;;;;;;;;;;;;;;;;;;;;;;;;;;;;;;;;;;;;;;;;;;;;;10;5;;;;;;;;;;;;;;;;;;;
Fixated (Steel);mining;3;;;;;;;;;;;;;;;;;;;;;;;;;;;;;;;;;;;;;;;;;;;;;;;;;;;;;;;;;;;;;;;;;;;;;;;;;;10;10;10;;;;;;;;;;;;;;;;;;
Fixated (Steel);mining;4;;;;;;;;;;;;;;;;;;;;;;;;;;;;;;;;;;;;;;;;;;;;;;;;;;;;;;;;;;;;;;;;;;;;;;;;;;20;20;20;;;;;;;;;;;;;;;;;;
Fixated (Ruby);mining;1;;;;;;;;;;;;;;;;;;;;;;;;;;;;;;;;;;;;;;;;;;;;;;;;;;;;;;;;;;;;;;;;;;;;;;;;;;;;;5;;;;;;;;;;;;;;;;;
Fixated (Ruby);mining;2;;;;;;;;;;;;;;;;;;;;;;;;;;;;;;;;;;;;;;;;;;;;;;;;;;;;;;;;;;;;;;;;;;;;;;;;;;;;;10;5;;;;;;;;;;;;;;;;
Fixated (Ruby);mining;3;;;;;;;;;;;;;;;;;;;;;;;;;;;;;;;;;;;;;;;;;;;;;;;;;;;;;;;;;;;;;;;;;;;;;;;;;;;;;10;10;10;;;;;;;;;;;;;;;
Fixated (Ruby);mining;4;;;;;;;;;;;;;;;;;;;;;;;;;;;;;;;;;;;;;;;;;;;;;;;;;;;;;;;;;;;;;;;;;;;;;;;;;;;;;20;20;20;;;;;;;;;;;;;;;
Fixated (Emerald);mining;1;;;;;;;;;;;;;;;;;;;;;;;;;;;;;;;;;;;;;;;;;;;;;;;;;;;;;;;;;;;;;;;;;;;;;;;;;;;;;;;;5;;;;;;;;;;;;;;
Fixated (Emerald);mining;2;;;;;;;;;;;;;;;;;;;;;;;;;;;;;;;;;;;;;;;;;;;;;;;;;;;;;;;;;;;;;;;;;;;;;;;;;;;;;;;;10;5;;;;;;;;;;;;;
Fixated (Emerald);mining;3;;;;;;;;;;;;;;;;;;;;;;;;;;;;;;;;;;;;;;;;;;;;;;;;;;;;;;;;;;;;;;;;;;;;;;;;;;;;;;;;10;10;10;;;;;;;;;;;;
Fixated (Emerald);mining;4;;;;;;;;;;;;;;;;;;;;;;;;;;;;;;;;;;;;;;;;;;;;;;;;;;;;;;;;;;;;;;;;;;;;;;;;;;;;;;;;20;20;20;;;;;;;;;;;;
Fixated (Sapphire);mining;1;;;;;;;;;;;;;;;;;;;;;;;;;;;;;;;;;;;;;;;;;;;;;;;;;;;;;;;;;;;;;;;;;;;;;;;;;;;;;;;;;;;5;;;;;;;;;;;
Fixated (Sapphire);mining;2;;;;;;;;;;;;;;;;;;;;;;;;;;;;;;;;;;;;;;;;;;;;;;;;;;;;;;;;;;;;;;;;;;;;;;;;;;;;;;;;;;;10;5;;;;;;;;;;
Fixated (Sapphire);mining;3;;;;;;;;;;;;;;;;;;;;;;;;;;;;;;;;;;;;;;;;;;;;;;;;;;;;;;;;;;;;;;;;;;;;;;;;;;;;;;;;;;;10;10;10;;;;;;;;;
Fixated (Sapphire);mining;4;;;;;;;;;;;;;;;;;;;;;;;;;;;;;;;;;;;;;;;;;;;;;;;;;;;;;;;;;;;;;;;;;;;;;;;;;;;;;;;;;;;20;20;20;;;;;;;;;
Fixated (Salt);mining;1;;;;;;;;;;;;;;;;;;;;;;;;;;;;;;;;;;;;;;;;;;;;;;;;;;;;;;;;;;;;;;;;;;;;;;;;;;;;;;;;;;;;;;5;;;;;;;;
Fixated (Salt);mining;2;;;;;;;;;;;;;;;;;;;;;;;;;;;;;;;;;;;;;;;;;;;;;;;;;;;;;;;;;;;;;;;;;;;;;;;;;;;;;;;;;;;;;;10;5;;;;;;;
Fixated (Salt);mining;3;;;;;;;;;;;;;;;;;;;;;;;;;;;;;;;;;;;;;;;;;;;;;;;;;;;;;;;;;;;;;;;;;;;;;;;;;;;;;;;;;;;;;;10;10;10;;;;;;
Fixated (Salt);mining;4;;;;;;;;;;;;;;;;;;;;;;;;;;;;;;;;;;;;;;;;;;;;;;;;;;;;;;;;;;;;;;;;;;;;;;;;;;;;;;;;;;;;;;20;20;20;;;;;;
Fixated (Sulfur);mining;1;;;;;;;;;;;;;;;;;;;;;;;;;;;;;;;;;;;;;;;;;;;;;;;;;;;;;;;;;;;;;;;;;;;;;;;;;;;;;;;;;;;;;;;;;5;;;;;
Fixated (Sulfur);mining;2;;;;;;;;;;;;;;;;;;;;;;;;;;;;;;;;;;;;;;;;;;;;;;;;;;;;;;;;;;;;;;;;;;;;;;;;;;;;;;;;;;;;;;;;;10;5;;;;
Fixated (Sulfur);mining;3;;;;;;;;;;;;;;;;;;;;;;;;;;;;;;;;;;;;;;;;;;;;;;;;;;;;;;;;;;;;;;;;;;;;;;;;;;;;;;;;;;;;;;;;;10;10;10;;;
Fixated (Sulfur);mining;4;;;;;;;;;;;;;;;;;;;;;;;;;;;;;;;;;;;;;;;;;;;;;;;;;;;;;;;;;;;;;;;;;;;;;;;;;;;;;;;;;;;;;;;;;20;20;20;;;
Fixated (Mercury);mining;1;;;;;;;;;;;;;;;;;;;;;;;;;;;;;;;;;;;;;;;;;;;;;;;;;;;;;;;;;;;;;;;;;;;;;;;;;;;;;;;;;;;;;;;;;;;;5;;
Fixated (Mercury);mining;2;;;;;;;;;;;;;;;;;;;;;;;;;;;;;;;;;;;;;;;;;;;;;;;;;;;;;;;;;;;;;;;;;;;;;;;;;;;;;;;;;;;;;;;;;;;;10;5;
Fixated (Mercury);mining;3;;;;;;;;;;;;;;;;;;;;;;;;;;;;;;;;;;;;;;;;;;;;;;;;;;;;;;;;;;;;;;;;;;;;;;;;;;;;;;;;;;;;;;;;;;;;10;10;10
Fixated (Mercury);mining;4;;;;;;;;;;;;;;;;;;;;;;;;;;;;;;;;;;;;;;;;;;;;;;;;;;;;;;;;;;;;;;;;;;;;;;;;;;;;;;;;;;;;;;;;;;;;20;20;20
Bastard;mining;1;-20;;;-20;;;;;;;;;;;;;;;;;;;;;;;;;;;;;;;;;20;20;;;;;;;;;;;;;;;;;;;;;;;;;;;;;;;;;;;;;;;;;;;;;;;;;;;;;;;;